PHONE NAME,MIN PRICE
Xiaomi Redmi Note 4  ,   Rs. 10999  
Samsung Galaxy J7 Prime  ,   Rs. 14999  
Samsung Galaxy On Nxt 64GB  ,   Rs. 12900 
Samsung Galaxy J2 Pro  ,   Rs. 8071 
Lenovo K8 Note  ,   Rs. 12439 
Samsung Galaxy On Max  ,   Rs. 15900 
Samsung Galaxy On7 Pro  ,   Rs. 7490 
Motorola Moto M  ,   Rs. 11990  
Samsung Galaxy A5  ,   Rs. 17990 
Motorola Moto G5S Plus 64GB  ,   Rs. 14999  
Samsung Galaxy J3 Pro  ,   Rs. 7990 
Samsung Galaxy On8  ,   Rs. 11090  
Lenovo K6 Power  ,   Rs. 7999  
Samsung Galaxy J7 Max  ,   Rs. 16900 
Coolpad Note 5  ,   Rs. 9780  
Samsung Galaxy J5  ,   Rs. 10090 
Motorola Moto E4 Plus  ,   Rs. 9900 
Oppo A37  ,   Rs. 8249  
Xiaomi Redmi Note 4  ,   Rs. 10999  
Xiaomi Mi A1  ,   Rs. 13999 
Samsung Galaxy A7  ,   Rs. 20990 
Motorola Moto G5 Plus  ,   Rs. 11999 
Lenovo K6 Note 4GB  ,   Rs. 8999  
Vivo V5  ,   Rs. 14247  
Samsung Galaxy J7 Prime 32GB  ,   Rs. 13690 
Samsung Galaxy On5 Pro  ,   Rs. 6990  
Xiaomi Mi4i  ,   Rs. 9990 
Motorola Moto M  ,   Rs. 11999  
Vivo Y66  ,   Rs. 11825 
Lenovo Vibe K5 Plus  ,   Rs. 7990  
Xiaomi Redmi Y1  ,   Rs. 10999 
Xiaomi Redmi 4  ,   Rs. 8499  
Lenovo Vibe K5 Note  ,   Rs. 9999  
Vivo V5 Plus  ,   Rs. 15649 
Samsung Galaxy S7 Edge  ,   Rs. 35900  
Coolpad Cool 1  ,   Rs. 8999  
Motorola Moto G4 Plus 32GB  ,   Rs. 11990  
Apple iPhone 6s 64GB  ,   Rs. 49999  
Samsung Galaxy On Nxt  ,   Rs. 9999 
Apple iPhone 6s Plus 64GB  ,   Rs. 79999 
Vivo V7  ,   Rs. 15499
Samsung Galaxy J7 Nxt  ,   Rs. 10265 
Samsung Galaxy J7 Pro  ,   Rs. 19900
Apple iPhone 7 Plus 128GB  ,   Rs. 62450 
Vivo Y53  ,   Rs. 8199 
Samsung Galaxy On Nxt  ,   Rs. 15900 
Samsung Galaxy A5  ,   Rs. 19000 
OnePlus 3T  ,   Rs. 27490
Xiaomi Redmi 4  ,   Rs. 6999 
Samsung Galaxy S5  ,   Rs. 21999 
Samsung Galaxy C7 Pro  ,   Rs. 24699 
Motorola Moto G4 Plus 16GB  ,   Rs. 11990 
Gionee A1  ,   Rs. 12199 
Gionee F103 Pro  ,   Rs. 6849
Samsung Galaxy J7  ,   Rs. 13800
Lenovo Z2 Plus  ,   Rs. 11100
Lenovo Vibe P1m  ,   Rs. 7490
Lenovo Vibe K5 Note  ,   Rs. 10490
Lenovo K6 Note  ,   Rs. 9140 
Motorola Moto X Play  ,   Rs. 14990 
Samsung Galaxy S7  ,   Rs. 29990 
Gionee P7 Max  ,   Rs. 8175 
Coolpad Cool 1 Dual 3GB  ,   Rs. 7999 
Lenovo P2 4GB  ,   Rs. 14999 
Motorola Moto C Plus  ,   Rs. 6999 
Apple iPhone SE  ,   Rs. 18996
Samsung Galaxy A7  ,   Rs. 16990
Asus ZenFone 3 Max ZC520TL  ,   Rs. 8499 
Lenovo P2  ,   Rs. 12999 
Oppo F1s  ,   Rs. 16399 
Motorola Moto G5  ,   Rs. 8949 
Asus Zenfone Max  ,   Rs. 7197
Samsung Galaxy A5  ,   Rs. 19900 
Apple iPhone 6s  ,   Rs. 34990
Apple iPhone 6s 128GB  ,   Rs. 49950
Asus Zenfone 5  ,   Rs. 8660 
Vivo Y69  ,   Rs. 12499 
Apple iPhone 6s Plus  ,   Rs. 40000 
Motorola Moto E3 Power  ,   Rs. 6999 
Lenovo Zuk Z1  ,   Rs. 10489
Lenovo A7000  ,   Rs. 8999
Samsung Galaxy J5 Prime  ,   Rs. 10999
Apple iPhone 6s 32GB  ,   Rs. 35999 
Xiaomi Redmi 4A  ,   Rs. 6999
Micromax Canvas Infinity  ,   Rs. 8695 
Motorola Moto Z Play  ,   Rs. 19500 
Oppo A57  ,   Rs. 13299
Lenovo Z2 Plus  ,   Rs. 10900
Xiaomi Redmi 4  ,   Rs. 10999 
Huawei Honor 4C  ,   Rs. 8999 
Xiaomi Redmi Y1  ,   Rs. 8999 
Vivo Y55S  ,   Rs. 10490 
Samsung Galaxy A8  ,   Rs. 27990 
Lenovo K8 Plus  ,   Rs. 8999
Coolpad Note 3 Lite  ,   Rs. 8490
Lenovo Vibe P1  ,   Rs. 15999 
Lenovo K3 Note  ,   Rs. 8150 
Samsung Galaxy S6  ,   Rs. 33900 
Apple iPhone 6s Plus 32GB  ,   Rs. 39941
Asus Zenfone Selfie  ,   Rs. 8999
Asus ZenFone 3S Max  ,   Rs. 8999 
Xiaomi Mi4  ,   Rs. 9990
Motorola Moto X Force  ,   Rs. 20900 
Oppo F3  ,   Rs. 15749 
Micromax Canvas Sliver 5 Q450  ,   Rs. 7999 
Gionee S6  ,   Rs. 11799
Micromax Canvas Knight A350  ,   Rs. 26999 
Coolpad Note 5 Lite  ,   Rs. 5999
Samsung Galaxy J5 Prime  ,   Rs. 11429 
Vivo V5s  ,   Rs. 14849
Micromax Canvas XP 4G  ,   Rs. 5075 
Oppo F1  ,   Rs. 14500 
Xiaomi Mi3  ,   Rs. 13999 
Apple iPhone 7 Plus  ,   Rs. 56969
Motorola Moto G5 Plus  ,   Rs. 14999 
Asus Zenfone 2 2.3GHz/4GB/32GB  ,   Rs. 8399 
Asus Zenfone 2  ,   Rs. 8490
Samsung Galaxy On7 Prime  ,   Rs. 14990 
Asus ZenFone 2 Laser 2GB/16GB  ,   Rs. 8490 
Vivo Y55L  ,   Rs. 11482
Lenovo K8 Note  ,   Rs. 11499 
Oppo A71  ,   Rs. 9990
Oppo F1s  ,   Rs. 13799
Xiaomi Mi5  ,   Rs. 19990
Lenovo Vibe K4 Note  ,   Rs. 11499
Samsung Galaxy A7  ,   Rs. 16990
Lenovo Vibe P1 Turbo  ,   Rs. 9599 
Coolpad Cool Play 6  ,   Rs. 14999 
Asus Zenfone 3 Laser  ,   Rs. 9999
Samsung Galaxy J7 Nxt  ,   Rs. 12890 
Lenovo Vibe K5 Note  ,   Rs. 11499 
Gionee S6 Pro  ,   Rs. 10994 
Micromax Unite Canvas 4 Pro Q465  ,   Rs. 6945 
Gionee Marathon M5 Lite  ,   Rs. 7654
Apple iPhone 7  ,   Rs. 42999
Micromax Canvas Knight 2 E471  ,   Rs. 5990 
Motorola Moto G Turbo Edition  ,   Rs. 12299 
Coolpad Mega 3  ,   Rs. 6150
Apple iPhone 7 128GB  ,   Rs. 49999 
Micromax Canvas Unite 4 Plus  ,   Rs. 5580 
Samsung Galaxy Note 3 Neo SM-N750  ,   Rs. 24299 
Lenovo K6 Power  ,   Rs. 10450
Vivo V3 Max  ,   Rs. 17200
Samsung Galaxy Note 5  ,   Rs. 38999
Apple iPhone 6s Plus 128GB  ,   Rs. 49990
Samsung Galaxy Note Edge  ,   Rs. 48828
Micromax Canvas 6 Pro  ,   Rs. 7790
Micromax Canvas 6  ,   Rs. 7104
Gionee S6s  ,   Rs. 10899
Motorola Moto G5S  ,   Rs. 12299
Micromax Canvas Infinity Pro  ,   Rs. 13999 
Samsung Galaxy S6 Edge+  ,   Rs. 53900 
Apple iPhone 7 256GB  ,   Rs. 42499 
Asus ZenFone 2 Laser 2GB/16GB  ,   Rs. 7990
Samsung Galaxy S6 Edge  ,   Rs. 34900 
Micromax Evok Power  ,   Rs. 6999 
Apple iPhone SE  ,   Rs. 19990 
Apple iPhone 7 Plus 256GB  ,   Rs. 73949
Samsung Galaxy S4  ,   Rs. 15999
Apple iPhone 8  ,   Rs. 57990 
Lenovo A6600 Plus  ,   Rs. 6095 
Asus Zenfone 2 1.8GHz/4GB/32GB  ,   Rs. 9990 
Motorola Moto G4  ,   Rs. 11999
Oppo F1 Plus  ,   Rs. 19980
Apple iPhone 8 Plus 256GB  ,   Rs. 77999
Gionee A1 Lite  ,   Rs. 10493
Asus Zenfone 4 Selfie  ,   Rs. 14999 
Motorola Moto X4  ,   Rs. 22999 
Apple iPhone 8 Plus  ,   Rs. 68223
Coolpad Note 3 Plus  ,   Rs. 8490
Asus Zenfone 5 16GB  ,   Rs. 8990
Micromax Canvas 5  ,   Rs. 8649 
Asus Zenfone 3  ,   Rs. 11387
Asus Zenfone 3  ,   Rs. 16290
Samsung Galaxy S7 Edge  ,   Rs. 43900 
Vivo V3  ,   Rs. 15500 
Micromax Canvas Mega 4G  ,   Rs. 8500 
Asus ZenFone 2 Laser 3GB/16GB  ,   Rs. 8999
Vivo V1 Max  ,   Rs. 12600
Gionee X1S  ,   Rs. 10210
OnePlus 5  ,   Rs. 37990
Gionee X1  ,   Rs. 7599
Coolpad Note 3S  ,   Rs. 7499
Samsung Galaxy S6 Edge 64GB  ,   Rs. 37200 
Vivo Y51L  ,   Rs. 9920
Coolpad Max A-8  ,   Rs. 10999 
Gionee P7  ,   Rs. 6700
Asus ZenFone 3 Max  ,   Rs. 10368
Coolpad Mega 2.5D  ,   Rs. 7450
Asus Zenfone Max 2016 2GB  ,   Rs. 8499
Oppo R7 Lite  ,   Rs. 12999
Micromax Dual 5  ,   Rs. 24999 
Motorola Moto E4  ,   Rs. 7209 
Lenovo Vibe K5 Plus 3GB  ,   Rs. 7990
Vivo V5 Plus IPL Limited Edition  ,   Rs. 19990 
Motorola Moto Z  ,   Rs. 23990 
Motorola Moto Z2 Play  ,   Rs. 22499
Micromax Canvas Juice 2 AQ5001  ,   Rs. 6666 
Micromax Canvas Play 4G Q469  ,   Rs. 7999 
Motorola Moto X4  ,   Rs. 20999 
Asus ZenFone 4 Selfie  ,   Rs. 8999
Apple iPhone SE  ,   Rs. 27799 
Samsung Galaxy On7 Prime  ,   Rs. 12990 
Lenovo Vibe S1  ,   Rs. 18891 
Asus Zenfone Go 5.0  ,   Rs. 6599
Vivo Xshot X710  ,   Rs. 10733 
Micromax Canvas Juice 4G  ,   Rs. 7708
Coolpad Note 5 Lite C  ,   Rs. 6790
Gionee Elife S Plus  ,   Rs. 12500
Asus ZenFone Live  ,   Rs. 7299 
Vivo X5Max  ,   Rs. 23999
Oppo N1 Mini  ,   Rs. 25600
Asus Zenfone Go 5.0 LTE  ,   Rs. 6054 
Lenovo Vibe Shot  ,   Rs. 10990
Samsung Galaxy Note 5 64GB  ,   Rs. 39900 
Asus ZenFone AR  ,   Rs. 49999 
Lenovo A7700  ,   Rs. 7450 
Micromax Canvas 2  ,   Rs. 7999 
Vivo V1  ,   Rs. 14739 
Asus Zenfone 5  ,   Rs. 5999
Motorola Moto X Force 64GB  ,   Rs. 29990 
Samsung Galaxy Note 5 Dual Sim  ,   Rs. 36900 
Apple iPhone 8 256GB  ,   Rs. 71920 
Asus Zenfone 2 2.3GHz/4GB/64GB  ,   Rs. 10990 
Coolpad Dazen X7  ,   Rs. 7999
Gionee F103 3GB RAM  ,   Rs. 8990 
Asus Zenfone Go 5.5  ,   Rs. 7932 
Lenovo Vibe X2-AP  ,   Rs. 13990 
Gionee F103 2GB RAM  ,   Rs. 9599
Micromax Canvas Nitro 2 E311  ,   Rs. 5998 
Micromax Canvas 1  ,   Rs. 5999 
Gionee Marathon M5 Lite  ,   Rs. 15209 
Micromax Canvas Xpress 4G  ,   Rs. 5499
Lenovo A7000 Turbo  ,   Rs. 9350
Asus Zenfone Selfie 2016  ,   Rs. 9490
Motorola Moto Z Force 64GB  ,   Rs. 39999
Micromax Evok Dual Note  ,   Rs. 9999 
Micromax Evok Note  ,   Rs. 9499 
Lenovo P70  ,   Rs. 9999 
Micromax Canvas Nitro 3 E352  ,   Rs. 7177 
Vivo X5Pro  ,   Rs. 23999 
Micromax Canvas Pulse 4G  ,   Rs. 7000
Asus Zenfone 3 Deluxe 256GB  ,   Rs. 61999 
Gionee Elife S7  ,   Rs. 32050 
Huawei P9  ,   Rs. 31499
Lenovo K3 Note Music  ,   Rs. 9999 
Huawei Honor 3X  ,   Rs. 18315 
Gionee Elife E7 32GB  ,   Rs. 10000 
Micromax Canvas Amaze Q395  ,   Rs. 5499
Micromax Canvas Selfie A255  ,   Rs. 6299 
Gionee Elife S5.5  ,   Rs. 23999 
Oppo Mirror 5  ,   Rs. 19600 
Asus ZenFone Zoom  ,   Rs. 14999 
Lenovo Vibe X S960  ,   Rs. 26999 
Lenovo Vibe X2  ,   Rs. 7999 
Asus ZenFone 2 Laser 2GB/8GB  ,   Rs. 8490
Lenovo A6000 Shot  ,   Rs. 8299 
Gionee Elife E7 16GB  ,   Rs. 17499 
Asus Zenfone Go 5.5  ,   Rs. 7299
Asus Zenfone 3 Deluxe 64GB  ,   Rs. 44999
